brand,year,fuel_type,transmission,engine_size,mileage,doors,owner_count,price
Toyota,2013,Electric,Manual,1.7,161287,4,3,26835
Ford,2016,Petrol,Manual,1.8,191376,2,2,22031
BMW,2018,Petrol,Automatic,1.7,16879,4,4,41556
Toyota,2020,Petrol,Automatic,2.9,189145,5,1,31842
Toyota,2007,Electric,Automatic,3.2,39583,5,1,34920
Hyundai,2012,Petrol,Automatic,1.7,152880,2,1,23256
Ford,2009,Diesel,Automatic,2.6,86807,4,2,23859
Honda,2014,Electric,Automatic,2.8,34120,4,3,38394
BMW,2020,Electric,Manual,4.2,63485,2,2,55225
Ford,2019,Electric,Manual,2.3,86878,5,3,37756
Honda,2018,Diesel,Automatic,2.3,36486,2,1,36275
Toyota,2011,Diesel,Automatic,1.9,139491,5,2,21825
Toyota,2010,Petrol,Manual,3.1,69129,5,1,26243
Ford,2011,Petrol,Automatic,1.4,180029,4,4,15798
Hyundai,2019,Diesel,Automatic,3.1,174378,2,1,31981
Ford,2020,Petrol,Automatic,1.6,47054,5,3,33347
Hyundai,2009,Diesel,Automatic,3.4,33708,4,2,28114
Toyota,2014,Petrol,Manual,3.3,195483,4,3,21325
BMW,2006,Petrol,Automatic,1.1,130945,2,2,25652
Hyundai,2021,Electric,Manual,3.6,93486,4,3,42025
Hyundai,2015,Diesel,Automatic,3.9,43183,4,3,33140
Audi,2017,Petrol,Automatic,2.7,115711,5,1,42114
Ford,2023,Electric,Manual,2.1,74337,5,2,43483
Honda,2020,Petrol,Manual,2.5,109178,5,4,28541
Ford,2016,Diesel,Manual,2.2,165717,4,1,25614
Honda,2014,Electric,Automatic,3.4,43494,5,4,37625
Honda,2015,Petrol,Automatic,4.0,25007,5,3,34249
Ford,2022,Diesel,Automatic,2.5,198161,4,2,31091
Hyundai,2012,Electric,Manual,2.3,15517,4,2,35824
Honda,2022,Electric,Manual,3.8,79550,2,1,47122
Honda,2013,Electric,Automatic,1.7,62243,5,2,35287
Toyota,2018,Petrol,Manual,4.1,168153,4,2,29792
Toyota,2014,Diesel,Automatic,3.6,50483,2,4,29675
Ford,2020,Diesel,Manual,2.6,150884,4,4,26655
Ford,2016,Petrol,Manual,4.0,93637,5,3,29818
Honda,2020,Petrol,Manual,2.3,80832,5,4,29558
Hyundai,2017,Electric,Manual,4.5,190725,2,1,37963
Ford,2008,Diesel,Automatic,1.9,97774,4,3,19411
Ford,2007,Electric,Automatic,2.5,64681,4,3,29265
Toyota,2011,Diesel,Automatic,1.4,157385,4,3,18430
Honda,2017,Electric,Automatic,3.0,94225,2,2,40288
Toyota,2018,Petrol,Automatic,3.6,106382,4,3,32380
Hyundai,2008,Diesel,Manual,3.0,117071,4,1,21646
Hyundai,2016,Diesel,Manual,1.7,186848,4,2,22057
Audi,2013,Electric,Automatic,3.6,126211,2,2,45889
BMW,2014,Diesel,Automatic,1.2,139777,4,3,31911
Honda,2005,Petrol,Manual,1.9,70811,5,2,17259
Ford,2008,Petrol,Manual,1.1,48136,4,1,21293
Toyota,2011,Diesel,Manual,1.5,53112,4,1,24844
BMW,2007,Petrol,Automatic,4.0,149067,5,2,31546
Toyota,2022,Petrol,Manual,2.6,38719,5,3,35764
BMW,2019,Diesel,Automatic,3.4,94034,4,4,42098
Hyundai,2018,Diesel,Manual,1.9,142594,2,4,23670
Audi,2019,Diesel,Manual,1.8,176293,4,1,37285
BMW,2015,Diesel,Manual,3.2,113769,4,4,34711
Audi,2014,Petrol,Automatic,1.6,25360,4,4,36932
Toyota,2009,Petrol,Manual,3.4,57899,2,1,26405
Honda,2005,Electric,Manual,2.1,59148,4,3,24742
Hyundai,2008,Diesel,Automatic,3.5,87238,5,2,24638
Audi,2007,Diesel,Automatic,1.9,139511,4,2,27824
Audi,2024,Electric,Manual,4.3,192739,2,3,51463
Toyota,2009,Petrol,Manual,4.2,172176,2,4,17791
BMW,2014,Petrol,Automatic,4.5,182208,2,4,34889
Audi,2015,Electric,Manual,2.9,68057,4,1,48897
BMW,2011,Petrol,Manual,2.8,107947,4,1,34702
Audi,2011,Petrol,Automatic,1.9,115007,5,3,31549
Ford,2007,Petrol,Automatic,1.8,45346,2,4,19332
Toyota,2017,Electric,Automatic,3.6,78234,2,4,39288
Toyota,2009,Electric,Manual,2.8,12922,4,1,35453
Hyundai,2019,Electric,Manual,1.3,94281,4,1,38385
Honda,2018,Diesel,Manual,1.3,55250,5,3,28337
Ford,2014,Petrol,Automatic,1.6,166146,5,4,19892
Hyundai,2015,Electric,Manual,4.2,78417,4,4,36479
Hyundai,2024,Petrol,Manual,2.2,112389,4,1,36280
BMW,2020,Diesel,Automatic,4.2,130366,2,4,42881
BMW,2011,Petrol,Manual,2.4,44092,5,2,35595
Hyundai,2023,Electric,Manual,2.0,149874,4,4,36506
Honda,2021,Electric,Automatic,4.2,121177,5,3,43841
Honda,2012,Diesel,Automatic,2.8,79794,4,2,27610
Honda,2018,Electric,Manual,1.7,160771,5,4,30361
Hyundai,2011,Electric,Automatic,1.8,141429,4,1,31028
Toyota,2009,Diesel,Manual,1.9,120202,4,2,18789
Hyundai,2022,Diesel,Automatic,3.2,186492,2,3,31575
Hyundai,2012,Diesel,Automatic,2.0,128707,4,1,25064
Honda,2019,Diesel,Automatic,2.2,109364,5,3,30431
Toyota,2006,Electric,Automatic,2.7,68095,5,4,26995
Honda,2009,Diesel,Automatic,1.5,69297,2,1,24035
Hyundai,2013,Electric,Automatic,3.1,147031,4,3,32348
Honda,2008,Diesel,Automatic,3.5,190690,4,1,20965
Honda,2013,Petrol,Manual,4.3,105562,2,2,28321
Toyota,2024,Electric,Manual,2.9,153810,5,3,40609
Ford,2008,Electric,Manual,4.2,32717,2,3,33264
Toyota,2014,Diesel,Manual,2.6,181867,2,1,23606
Audi,2021,Petrol,Manual,2.0,192423,2,1,38878
Audi,2022,Petrol,Manual,1.7,192156,5,2,37792
Toyota,2011,Petrol,Automatic,1.8,159327,2,3,19133
Toyota,2016,Electric,Automatic,4.4,128921,4,4,37353
Ford,2016,Petrol,Automatic,2.1,63256,4,4,28037
Ford,2013,Petrol,Automatic,3.6,45605,4,4,28919
Ford,2008,Petrol,Automatic,1.6,25825,4,3,22408
Ford,2019,Diesel,Manual,3.5,55423,2,2,35228
Audi,2014,Petrol,Manual,2.1,142779,4,3,31561
Ford,2015,Petrol,Manual,1.2,60858,5,3,24857
Honda,2022,Diesel,Automatic,3.9,75806,2,2,40009
BMW,2022,Diesel,Manual,1.3,144663,4,1,40866
Audi,2007,Diesel,Automatic,4.4,194900,4,3,28555
BMW,2019,Electric,Manual,3.3,121489,4,3,48025
Audi,2023,Electric,Manual,1.1,13452,5,3,53027
Audi,2019,Petrol,Manual,2.2,133238,4,3,37238
BMW,2014,Electric,Automatic,3.7,94478,4,3,47176
Honda,2023,Petrol,Automatic,4.3,179700,2,4,33615
Honda,2019,Diesel,Automatic,4.0,166299,2,3,31185
BMW,2016,Electric,Manual,2.2,156309,5,4,39584
Toyota,2013,Electric,Automatic,4.0,10249,5,3,40987
Honda,2013,Electric,Automatic,3.9,59865,5,4,36806
Audi,2014,Petrol,Manual,3.2,158445,2,3,32977
Hyundai,2018,Petrol,Automatic,4.3,54280,4,1,39386
Toyota,2005,Diesel,Manual,1.0,174967,2,4,7251
Honda,2014,Electric,Manual,1.5,79751,5,2,33012
Toyota,2018,Diesel,Manual,1.9,186539,2,2,24473
Audi,2024,Electric,Manual,1.2,137463,4,4,46526
Hyundai,2024,Petrol,Automatic,2.8,176470,5,1,36276
BMW,2011,Petrol,Manual,4.5,184923,4,1,34253
Ford,2009,Petrol,Automatic,2.1,33687,4,4,22515
BMW,2017,Petrol,Manual,2.2,113336,4,2,37733
BMW,2013,Electric,Manual,3.0,137320,4,4,39134
Honda,2019,Electric,Automatic,4.4,113314,5,2,44134
BMW,2014,Electric,Manual,4.0,92981,2,2,47350
BMW,2021,Diesel,Automatic,2.2,84618,5,1,46669
Ford,2010,Diesel,Automatic,1.1,122143,5,4,17092
Hyundai,2012,Diesel,Automatic,3.2,34252,2,1,32187
Ford,2011,Diesel,Automatic,3.8,109040,4,2,27148
Hyundai,2009,Petrol,Automatic,2.6,28622,4,3,25268
Honda,2007,Petrol,Automatic,1.6,37100,2,1,23845
BMW,2005,Petrol,Automatic,3.6,126042,5,4,26897
Hyundai,2006,Petrol,Automatic,1.8,64803,5,4,17359
Hyundai,2013,Diesel,Automatic,2.3,74467,5,3,26376
Ford,2013,Diesel,Automatic,1.6,53969,5,4,24501
Toyota,2021,Diesel,Automatic,2.3,188225,2,4,27188
Toyota,2022,Petrol,Automatic,1.3,134147,4,4,28892
BMW,2016,Petrol,Manual,3.0,173988,2,3,33800
Hyundai,2008,Electric,Manual,2.5,82965,2,4,25851
BMW,2017,Electric,Automatic,3.2,65223,2,2,52138
Ford,2007,Petrol,Manual,2.5,91439,5,1,20928
Audi,2011,Petrol,Manual,2.3,168306,2,2,29184
BMW,2008,Diesel,Automatic,2.7,138743,5,2,30462
BMW,2009,Diesel,Manual,1.2,35965,4,4,28601
Honda,2016,Electric,Automatic,3.9,190925,5,4,33253
BMW,2006,Petrol,Manual,2.9,119012,2,1,29349
Ford,2013,Petrol,Automatic,3.8,133872,5,2,27906
Ford,2011,Diesel,Automatic,2.9,78968,2,1,28351
Toyota,2020,Electric,Manual,1.4,70316,2,1,40784
BMW,2020,Petrol,Automatic,3.7,107754,4,2,46012
BMW,2012,Electric,Automatic,4.1,46584,2,1,51370
Hyundai,2008,Diesel,Automatic,1.1,79369,2,2,20231
Toyota,2012,Electric,Automatic,4.3,184072,5,4,30396
Honda,2017,Electric,Manual,1.0,158433,4,3,29578
Audi,2017,Electric,Automatic,2.3,167487,5,4,42225
Toyota,2016,Petrol,Automatic,3.4,120932,4,3,29253
Toyota,2018,Petrol,Automatic,1.4,40537,5,2,32773
Honda,2005,Petrol,Manual,3.4,83892,4,3,18105
Honda,2023,Petrol,Manual,4.4,107523,4,1,39923
Ford,2018,Electric,Automatic,4.3,76341,2,4,41782
BMW,2020,Electric,Automatic,1.2,129122,2,3,46443
Hyundai,2009,Diesel,Automatic,2.1,26582,4,1,27370
Audi,2011,Diesel,Manual,2.2,143373,4,3,28731
Hyundai,2020,Diesel,Manual,3.6,41385,2,3,35630
Hyundai,2023,Petrol,Manual,3.6,122914,4,3,34554
Hyundai,2022,Electric,Automatic,3.3,141535,5,1,45023
Audi,2023,Electric,Automatic,3.3,108734,2,4,53163
Ford,2019,Electric,Manual,3.3,76238,4,2,41788
BMW,2017,Petrol,Automatic,3.3,129564,4,3,39621
Honda,2007,Diesel,Manual,2.5,157655,4,4,13117
Hyundai,2009,Petrol,Manual,3.8,193415,5,1,20429
Toyota,2014,Electric,Manual,3.5,74420,2,4,34279
Toyota,2005,Electric,Manual,3.7,89202,4,1,29439
Toyota,2023,Petrol,Manual,4.4,115314,2,4,35034
Audi,2023,Petrol,Manual,3.3,160689,4,4,40565
BMW,2009,Petrol,Automatic,3.1,82445,4,4,32077
Audi,2014,Electric,Automatic,1.5,45525,2,3,45223
Hyundai,2023,Diesel,Manual,3.4,122038,5,3,34198
Honda,2017,Electric,Automatic,1.5,68665,2,2,38566
Toyota,2010,Petrol,Automatic,2.6,42118,2,2,27094
Honda,2006,Diesel,Automatic,1.6,134618,4,1,17969
Hyundai,2006,Petrol,Automatic,2.7,58980,2,4,19451
BMW,2005,Petrol,Automatic,2.9,185863,5,2,25506
Honda,2024,Diesel,Manual,1.7,159945,4,2,31402
Hyundai,2021,Electric,Manual,3.1,189266,5,1,39236
Honda,2013,Petrol,Manual,3.5,24684,2,2,30765
Audi,2010,Diesel,Automatic,3.1,171351,2,3,30132
Audi,2018,Diesel,Automatic,2.0,107580,4,1,42121
Audi,2022,Diesel,Manual,3.6,60542,2,2,48172
BMW,2022,Petrol,Manual,3.4,51034,2,4,45248
Toyota,2013,Petrol,Automatic,4.2,172330,5,3,25283
Hyundai,2018,Electric,Automatic,3.6,199198,4,3,35740
Hyundai,2018,Petrol,Automatic,1.4,38227,5,1,34388
Ford,2005,Petrol,Automatic,3.4,103778,4,2,20611
Toyota,2021,Diesel,Manual,2.9,95542,2,2,34022
Toyota,2024,Electric,Automatic,1.4,22300,5,2,47685
Honda,2006,Petrol,Manual,3.1,30745,2,4,19662
Ford,2019,Diesel,Automatic,1.7,171047,4,2,27847
Honda,2009,Diesel,Automatic,4.2,101759,2,4,23312
Audi,2023,Petrol,Automatic,2.4,112441,4,3,44677
Toyota,2024,Diesel,Automatic,4.1,168251,5,4,34787
Toyota,2024,Petrol,Automatic,3.2,65157,2,4,38142
Honda,2006,Petrol,Manual,1.5,15260,5,4,17237
Honda,2021,Petrol,Manual,4.0,197381,4,2,31130
BMW,2009,Electric,Manual,2.9,153256,2,1,38637
Toyota,2010,Petrol,Manual,4.5,178864,5,4,19056
Audi,2019,Diesel,Automatic,2.1,154787,4,4,36460
Honda,2008,Petrol,Automatic,3.5,52795,2,1,27860
Audi,2019,Petrol,Manual,2.9,81602,5,1,44219
Honda,2006,Diesel,Automatic,2.2,195356,5,3,13132
Hyundai,2015,Diesel,Automatic,4.5,101600,2,2,32920
Honda,2019,Electric,Automatic,1.6,90967,4,3,38151
Honda,2023,Electric,Manual,1.1,146071,5,4,34896
Hyundai,2012,Petrol,Automatic,4.0,45409,5,4,28729
Hyundai,2008,Diesel,Automatic,3.0,144553,4,2,20772
Honda,2017,Petrol,Automatic,3.6,82799,5,4,31060
Honda,2014,Electric,Manual,4.4,42215,5,3,39189
Audi,2023,Petrol,Automatic,3.0,113147,2,3,45842
Honda,2006,Petrol,Automatic,2.8,26539,4,2,24273
Ford,2021,Electric,Manual,3.2,33868,4,3,44206
Ford,2024,Electric,Manual,1.7,67291,4,3,42535
Honda,2011,Diesel,Automatic,4.1,56350,4,4,27382
Audi,2009,Petrol,Manual,2.8,168083,4,1,29695
Ford,2022,Electric,Automatic,1.9,120005,4,3,40299
Audi,2023,Diesel,Manual,3.2,80012,4,1,48899
Ford,2022,Petrol,Manual,2.3,34959,5,1,38352
Hyundai,2017,Diesel,Manual,2.3,33445,5,2,31927
Ford,2017,Electric,Manual,2.6,198219,5,3,30789
Honda,2015,Diesel,Manual,1.7,91643,2,1,27317
Audi,2009,Electric,Manual,3.2,52934,5,1,44253
Ford,2015,Petrol,Automatic,2.9,95125,2,4,27043
Audi,2008,Electric,Automatic,4.2,46233,5,2,46088
Toyota,2008,Diesel,Automatic,4.4,107201,2,1,26939
BMW,2020,Electric,Automatic,1.6,58054,2,4,49297
Ford,2009,Electric,Manual,2.3,131247,2,2,27037
BMW,2010,Diesel,Manual,2.4,68750,5,2,33362
Honda,2023,Diesel,Automatic,1.5,180076,4,2,30996
BMW,2021,Petrol,Manual,4.3,81058,4,1,49047
Ford,2014,Petrol,Manual,4.1,51818,5,2,31609
Ford,2005,Diesel,Automatic,2.6,179011,2,3,13749
Toyota,2013,Petrol,Manual,2.0,76703,2,2,25164
Honda,2014,Diesel,Automatic,2.5,151266,2,3,23936
Hyundai,2019,Petrol,Automatic,1.5,124594,4,1,31270
Audi,2022,Diesel,Automatic,2.1,159126,5,4,39243
Ford,2016,Diesel,Automatic,3.4,158281,4,3,27385
Ford,2016,Electric,Manual,3.3,134409,2,3,34379
Audi,2019,Electric,Automatic,3.4,198314,4,2,47884
Audi,2011,Diesel,Automatic,3.3,97008,4,1,38249
Ford,2008,Electric,Manual,1.2,20759,2,4,26362
Hyundai,2010,Petrol,Automatic,4.2,100237,5,3,25888
Audi,2021,Electric,Automatic,3.7,69016,2,3,55449
Audi,2022,Electric,Manual,3.5,96926,2,1,55653
BMW,2008,Electric,Automatic,4.2,108682,5,3,41465
BMW,2019,Electric,Manual,1.9,145752,2,1,47012
Ford,2007,Electric,Automatic,1.2,164854,5,2,23157
BMW,2006,Diesel,Automatic,2.7,17545,5,1,36022
BMW,2017,Petrol,Manual,3.8,164747,2,4,35362
BMW,2024,Electric,Manual,1.4,199145,5,1,48342
BMW,2008,Diesel,Automatic,1.1,96245,4,4,26387
Toyota,2006,Petrol,Automatic,1.2,116491,4,4,13575
BMW,2014,Petrol,Manual,4.1,41159,4,2,42142
Ford,2009,Diesel,Automatic,3.0,56827,2,4,23158
Audi,2008,Petrol,Manual,3.7,36177,2,1,37091
BMW,2006,Petrol,Manual,1.8,41723,4,1,31013
Honda,2015,Electric,Automatic,3.1,104877,5,4,34956
Audi,2009,Diesel,Manual,1.6,122227,4,4,25088
BMW,2017,Petrol,Manual,1.9,148108,2,3,33894
Honda,2023,Diesel,Automatic,2.4,117217,2,3,34439
Audi,2011,Diesel,Manual,1.2,76966,2,4,28551
BMW,2012,Electric,Manual,4.3,124335,5,1,45883
Toyota,2008,Petrol,Automatic,3.2,158857,4,1,21957
Audi,2008,Diesel,Manual,2.2,66110,4,3,29594
Toyota,2024,Electric,Manual,4.4,178690,2,2,43865
Audi,2022,Electric,Automatic,1.3,70298,4,2,53085
Toyota,2014,Electric,Manual,2.4,21899,5,1,39205
Ford,2005,Electric,Automatic,1.5,139613,4,2,23019
BMW,2016,Electric,Automatic,2.9,74769,2,1,51561
Audi,2014,Diesel,Automatic,4.0,72677,2,2,42366
Honda,2021,Electric,Automatic,2.0,185657,4,2,37717
Audi,2022,Electric,Automatic,3.4,138887,5,3,52355
Honda,2017,Diesel,Automatic,1.2,105538,2,1,29623
Hyundai,2020,Diesel,Automatic,1.7,59569,2,2,34421
Honda,2005,Diesel,Automatic,1.7,171822,2,2,13808
Honda,2022,Petrol,Automatic,3.6,42053,2,4,38097
Audi,2017,Petrol,Automatic,4.5,13221,4,3,47838
BMW,2020,Petrol,Manual,2.4,80317,5,4,39784
Honda,2009,Diesel,Automatic,2.6,188076,5,1,20296
Audi,2020,Electric,Manual,4.1,111108,5,1,54144
Audi,2007,Electric,Automatic,1.4,40816,4,2,39759
BMW,2018,Diesel,Manual,4.5,41302,5,2,46934
Audi,2008,Diesel,Automatic,3.5,38231,4,1,38588
Honda,2010,Petrol,Automatic,3.2,182448,4,3,19777
Ford,2017,Petrol,Manual,2.9,166064,5,4,23496
Ford,2005,Petrol,Manual,3.2,188146,4,1,15492
BMW,2006,Diesel,Automatic,3.7,93663,4,3,31216
Audi,2011,Petrol,Manual,3.1,58883,5,4,33255
Toyota,2011,Electric,Automatic,2.4,146482,4,1,31975
BMW,2023,Diesel,Automatic,2.1,80216,5,4,44189
Ford,2006,Petrol,Manual,4.0,36293,5,1,25685
Toyota,2005,Diesel,Automatic,3.8,37395,4,1,26230
BMW,2005,Petrol,Automatic,3.3,94859,2,3,29357
Toyota,2010,Electric,Automatic,1.1,170033,4,4,22698
BMW,2012,Electric,Manual,3.0,188411,5,3,37079
Toyota,2023,Electric,Automatic,1.8,83388,2,3,42930
Audi,2017,Petrol,Automatic,2.6,58129,2,1,44793
BMW,2006,Electric,Automatic,4.5,121418,2,2,40929
Toyota,2022,Petrol,Automatic,2.0,139329,4,4,30033
Audi,2021,Diesel,Manual,1.9,123620,2,4,37619
Audi,2014,Diesel,Manual,2.7,21761,4,1,41811
Hyundai,2011,Electric,Manual,4.2,92654,2,4,31767
BMW,2022,Electric,Automatic,2.7,135673,4,4,49616
Toyota,2020,Petrol,Manual,1.6,98191,5,1,31790
Honda,2018,Diesel,Manual,3.4,34058,5,4,32097
Ford,2021,Electric,Automatic,2.3,95816,4,4,39809
Audi,2020,Diesel,Manual,2.7,124776,4,2,41161
Ford,2019,Diesel,Manual,2.5,21303,2,4,31934
Hyundai,2019,Electric,Manual,1.3,170298,2,2,33085
Toyota,2019,Petrol,Manual,2.1,60938,4,2,32153
Honda,2007,Petrol,Automatic,3.1,23487,5,1,27525
Ford,2005,Petrol,Automatic,2.6,198636,2,4,11268
BMW,2007,Electric,Automatic,1.6,62936,4,2,39053
BMW,2017,Electric,Automatic,1.3,110059,4,1,47597
Ford,2020,Petrol,Manual,2.6,21154,4,3,34642
Ford,2019,Petrol,Automatic,4.4,181265,4,3,31236
Toyota,2016,Electric,Manual,1.6,46906,2,2,36854
Toyota,2017,Diesel,Manual,3.8,191389,2,4,24030
Honda,2017,Diesel,Manual,3.8,61750,2,4,30512
BMW,2007,Electric,Manual,1.3,59098,4,3,35145
Toyota,2020,Diesel,Automatic,1.4,124230,2,4,27588
Audi,2016,Petrol,Manual,3.6,160073,2,1,38696
Audi,2010,Electric,Automatic,3.2,86976,5,3,42551
Ford,2022,Petrol,Automatic,1.7,30527,5,1,39373
Toyota,2009,Petrol,Manual,4.1,78282,2,2,25285
Toyota,2022,Electric,Automatic,4.3,70395,5,3,47580
Toyota,2019,Petrol,Manual,3.7,134319,2,2,31684
Hyundai,2005,Electric,Automatic,2.9,190344,2,4,20282
BMW,2019,Diesel,Manual,3.8,34618,4,2,46869
Ford,2012,Petrol,Manual,3.0,11717,2,3,27914
Honda,2008,Diesel,Manual,1.2,181773,2,4,10311
Audi,2010,Petrol,Automatic,2.6,126313,5,3,31384
Ford,2005,Diesel,Manual,4.3,44853,5,4,20357
Hyundai,2015,Electric,Manual,2.9,67156,4,3,35942
BMW,2017,Electric,Manual,1.5,109135,4,4,41543
BMW,2017,Electric,Automatic,3.3,103996,4,2,50400
Audi,2017,Diesel,Manual,2.4,119508,5,1,39324
Ford,2009,Petrol,Manual,2.5,81663,2,4,18916
Toyota,2020,Petrol,Automatic,3.2,104636,5,4,32168
Ford,2017,Petrol,Manual,3.7,171672,5,4,24816
Toyota,2016,Diesel,Manual,1.1,53011,4,1,29049
Toyota,2013,Diesel,Automatic,3.7,145845,4,1,28607
Hyundai,2021,Petrol,Manual,4.2,97174,4,1,38041
BMW,2009,Electric,Manual,1.9,164390,4,2,34580
Ford,2021,Electric,Manual,1.6,182376,4,2,35081
Ford,2005,Diesel,Manual,4.0,70829,4,3,19958
Toyota,2006,Petrol,Automatic,1.3,27930,5,1,22703
Audi,2017,Petrol,Manual,3.7,71094,4,1,44345
BMW,2024,Electric,Automatic,4.5,170028,5,2,56498
Toyota,2024,Diesel,Manual,1.0,192765,2,1,29861
Audi,2021,Diesel,Automatic,2.5,87575,4,4,42621
Ford,2024,Petrol,Manual,1.1,148178,2,2,30791
BMW,2010,Electric,Automatic,2.8,180125,2,1,40093
Honda,2006,Electric,Manual,2.6,199311,4,3,19734
Audi,2010,Diesel,Manual,2.6,128971,4,1,32251
Ford,2017,Electric,Manual,1.9,43267,2,3,37136
Hyundai,2013,Electric,Automatic,4.0,112794,2,4,34360
Hyundai,2020,Electric,Automatic,3.9,57094,5,3,45445
Toyota,2019,Petrol,Manual,3.2,150162,4,3,28391
Toyota,2012,Electric,Manual,1.2,78936,4,4,27453
Hyundai,2024,Petrol,Automatic,4.3,72486,5,2,42975
Toyota,2018,Diesel,Automatic,2.1,126004,2,3,28399
BMW,2024,Petrol,Manual,2.2,51298,5,2,47835
Hyundai,2017,Diesel,Manual,1.8,149402,5,1,26629
Hyundai,2009,Petrol,Manual,1.3,118962,4,4,14651
Ford,2014,Petrol,Automatic,4.1,119849,5,2,30207
BMW,2018,Petrol,Manual,3.1,38665,2,4,41266
Honda,2010,Diesel,Manual,2.3,98687,2,1,23165
Toyota,2009,Diesel,Automatic,3.8,110333,2,2,25083
Hyundai,2023,Diesel,Manual,3.6,134157,5,3,33992
Ford,2010,Electric,Automatic,3.3,14042,2,1,39397
Audi,2016,Petrol,Manual,1.5,108105,5,3,34094
Audi,2015,Electric,Manual,3.8,146589,4,2,45270
Audi,2008,Diesel,Manual,1.3,125022,2,2,26348
BMW,2011,Petrol,Automatic,2.6,194725,4,4,27463
Hyundai,2007,Diesel,Manual,1.4,127694,5,1,16915
BMW,2006,Electric,Manual,3.2,40188,5,3,38890
Toyota,2008,Petrol,Manual,4.4,126776,2,2,22461
BMW,2007,Petrol,Manual,1.5,125462,5,3,24226
Hyundai,2016,Petrol,Manual,1.8,53471,4,3,27426
Toyota,2006,Diesel,Manual,1.0,86466,5,2,15676
Audi,2005,Diesel,Manual,2.6,31154,4,3,29142
BMW,2014,Diesel,Automatic,2.5,149206,2,3,34039
Honda,2006,Petrol,Automatic,1.4,165950,2,3,13002
Toyota,2005,Electric,Automatic,4.0,22307,2,2,33884
Toyota,2019,Petrol,Automatic,4.2,141587,5,2,34320
BMW,2008,Petrol,Manual,2.1,88216,2,2,29789
Ford,2019,Diesel,Automatic,2.0,108635,4,1,33068
Toyota,2006,Petrol,Automatic,1.0,137415,4,2,15129
Ford,2011,Diesel,Manual,3.8,44853,2,3,26857
Audi,2008,Diesel,Manual,2.8,74578,4,3,30371
BMW,2008,Electric,Manual,4.0,132383,5,1,40880
Toyota,2009,Electric,Manual,2.1,145197,4,4,22940
Honda,2023,Diesel,Automatic,1.9,94732,4,3,34563
Toyota,2016,Electric,Manual,2.8,42355,2,1,40982
Ford,2022,Petrol,Manual,2.7,139944,5,3,30902
Hyundai,2015,Petrol,Automatic,2.7,119131,5,4,25443
Audi,2023,Diesel,Manual,4.3,194378,2,2,43881
Audi,2012,Electric,Automatic,3.7,136869,4,2,44556
BMW,2009,Petrol,Manual,3.2,108798,2,4,28960
Toyota,2005,Petrol,Automatic,3.4,61503,4,4,19724
Honda,2023,Diesel,Automatic,1.1,50173,4,1,38191
Toyota,2022,Electric,Automatic,3.8,140241,5,1,46087
Ford,2009,Diesel,Automatic,3.6,179713,4,3,19714
Hyundai,2016,Petrol,Manual,3.2,20061,2,3,31896
Toyota,2016,Electric,Automatic,4.4,19375,5,1,47331
Audi,2013,Electric,Manual,4.4,35884,5,1,51505
Toyota,2010,Electric,Automatic,4.5,176451,5,3,30677
Toyota,2019,Diesel,Manual,4.4,31538,4,2,38223
Toyota,2011,Petrol,Manual,4.3,80029,4,3,26098
Audi,2023,Electric,Manual,1.9,72004,2,1,54699
BMW,2013,Petrol,Manual,3.0,179760,2,1,33512
Hyundai,2021,Petrol,Automatic,2.9,124626,4,2,34568
BMW,2006,Petrol,Automatic,1.5,173691,2,1,25815
Hyundai,2017,Petrol,Manual,2.2,27492,2,4,29025
BMW,2022,Diesel,Manual,3.0,20008,2,3,47499
Toyota,2009,Diesel,Automatic,1.7,22164,2,4,22291
Ford,2014,Petrol,Automatic,1.9,157440,4,4,20928
Honda,2017,Diesel,Manual,3.8,66006,4,1,34799
Hyundai,2007,Diesel,Automatic,3.8,139519,4,1,23124
Honda,2006,Petrol,Automatic,1.8,151016,4,1,17549
Audi,2022,Electric,Automatic,3.5,39971,4,4,56001
Honda,2020,Diesel,Manual,1.8,154940,2,2,27853
Audi,2020,Petrol,Manual,1.6,110968,4,3,38151
BMW,2013,Petrol,Automatic,1.6,31488,5,4,35625
Hyundai,2022,Petrol,Manual,3.4,30895,5,2,39255
Honda,2010,Petrol,Automatic,1.8,107614,5,1,23719
Honda,2006,Petrol,Automatic,4.1,176758,2,2,19362
Toyota,2007,Electric,Automatic,4.4,33929,2,2,36103
Hyundai,2023,Diesel,Manual,3.2,21177,4,3,38841
Honda,2010,Diesel,Automatic,3.2,127596,4,4,21020
Hyundai,2006,Electric,Automatic,3.2,81892,4,3,28805
Audi,2007,Electric,Manual,2.5,195413,5,3,30729
Hyundai,2012,Petrol,Manual,1.4,125615,4,4,17519
Toyota,2010,Diesel,Automatic,2.6,58636,2,4,23268
BMW,2005,Electric,Manual,2.1,151941,4,3,30102
Audi,2013,Electric,Automatic,4.2,160525,5,1,46873
Hyundai,2009,Diesel,Manual,1.1,61409,5,3,18629
Honda,2010,Electric,Manual,1.7,168039,5,4,21998
BMW,2024,Petrol,Automatic,1.8,109284,5,2,46135
Ford,2022,Diesel,Manual,1.2,154151,4,2,28692
BMW,2007,Electric,Manual,2.6,126367,2,3,34381
Toyota,2016,Diesel,Automatic,1.5,65027,4,4,26748
Ford,2009,Electric,Manual,2.5,184852,4,2,24757
BMW,2013,Petrol,Automatic,1.8,199655,5,2,30617
BMW,2007,Diesel,Automatic,3.7,186275,2,4,26086
Toyota,2005,Petrol,Manual,2.8,27058,4,2,21247
Hyundai,2012,Electric,Manual,2.3,37008,5,1,36249
Hyundai,2015,Electric,Manual,4.2,125209,5,2,37139
Audi,2007,Diesel,Automatic,4.2,137654,5,3,31017
Hyundai,2021,Petrol,Manual,1.3,55056,5,1,34347
Toyota,2017,Diesel,Automatic,4.4,37576,5,3,36421
Honda,2011,Electric,Automatic,1.9,15326,2,4,33033
BMW,2022,Petrol,Automatic,3.4,188091,2,4,40395
Honda,2023,Electric,Automatic,2.6,150652,4,1,44167
Ford,2019,Petrol,Manual,2.1,187956,4,1,27302
Ford,2017,Petrol,Automatic,2.7,171053,4,4,24847
BMW,2024,Electric,Manual,1.7,180618,5,4,45369
Hyundai,2014,Diesel,Manual,2.9,176978,4,1,24451
Toyota,2007,Electric,Manual,2.8,101251,4,3,26037
Ford,2017,Diesel,Automatic,4.1,140415,4,2,32179
BMW,2008,Electric,Automatic,2.4,184103,2,4,32594
BMW,2021,Diesel,Manual,2.8,73752,4,1,46412
Hyundai,2017,Electric,Manual,2.6,11808,5,4,38609
Audi,2011,Electric,Manual,2.4,189720,4,1,37814
Hyundai,2016,Diesel,Automatic,2.4,198746,4,1,26362
BMW,2017,Electric,Manual,3.4,158752,2,1,47362
Ford,2016,Petrol,Automatic,2.5,195715,4,2,25214
Ford,2012,Petrol,Manual,2.2,124221,4,4,19188
Ford,2005,Petrol,Manual,3.4,180875,2,4,11756
Hyundai,2012,Diesel,Automatic,3.3,187123,2,2,23243
Ford,2017,Diesel,Automatic,1.8,90623,4,3,28568
Hyundai,2014,Electric,Automatic,2.0,34292,2,3,36785
Honda,2018,Petrol,Automatic,3.3,176831,4,4,26758
Toyota,2019,Diesel,Automatic,1.2,51597,5,4,29820
Ford,2014,Petrol,Automatic,1.5,95657,4,3,24717
Honda,2005,Diesel,Manual,2.3,140095,2,4,11595
Toyota,2005,Electric,Automatic,1.9,31010,4,4,26249
Audi,2013,Diesel,Automatic,1.0,136850,4,2,32157
BMW,2011,Diesel,Manual,3.0,28308,2,2,37584
BMW,2023,Petrol,Manual,2.9,137952,4,4,40902
Honda,2011,Petrol,Automatic,3.9,96674,5,4,24966
Audi,2021,Petrol,Automatic,1.2,37361,5,4,42531
Hyundai,2008,Electric,Manual,1.5,126181,4,1,26190
BMW,2020,Petrol,Manual,2.6,175294,5,4,35435
Audi,2023,Electric,Manual,1.3,35476,2,3,52326
Toyota,2020,Diesel,Automatic,4.3,190892,2,1,34555
Ford,2006,Diesel,Automatic,3.3,156788,2,3,17260
BMW,2024,Petrol,Manual,4.5,128830,5,1,50058
Ford,2018,Electric,Manual,3.8,192763,2,1,37461
Toyota,2014,Electric,Automatic,3.2,105273,2,1,38636
Toyota,2007,Electric,Automatic,3.7,39718,2,1,35914
Hyundai,2012,Petrol,Manual,3.7,45880,4,1,30606
Ford,2024,Petrol,Automatic,3.8,36754,5,1,45262
Audi,2013,Petrol,Automatic,2.5,127694,4,3,34115
Toyota,2012,Electric,Automatic,3.6,74258,5,1,38987
Ford,2007,Petrol,Automatic,3.9,42735,5,4,23663
Honda,2007,Electric,Automatic,4.2,25769,5,3,34611
Ford,2021,Petrol,Manual,2.7,32835,2,3,35258
Hyundai,2024,Diesel,Manual,1.7,150333,4,2,31883
Hyundai,2012,Electric,Manual,2.9,195443,5,2,28027
Ford,2009,Diesel,Manual,4.5,125475,4,4,20726
Hyundai,2008,Electric,Automatic,2.3,134078,4,1,29396
Ford,2008,Petrol,Automatic,3.2,41208,4,1,27839
Audi,2014,Diesel,Automatic,2.1,94490,4,2,37475
Toyota,2013,Electric,Manual,2.0,163900,2,1,30305
Hyundai,2014,Diesel,Automatic,3.0,131402,2,3,25929
Hyundai,2009,Electric,Automatic,2.0,94801,2,3,28759
Audi,2010,Diesel,Automatic,2.8,144413,4,3,30879
Ford,2011,Electric,Automatic,2.0,108840,5,4,28558
BMW,2015,Electric,Automatic,3.7,172287,4,1,47285
Toyota,2019,Diesel,Manual,2.8,47083,4,4,31245
Hyundai,2021,Diesel,Manual,2.2,143771,5,2,30211
BMW,2008,Diesel,Manual,1.9,121482,5,2,27725
BMW,2005,Diesel,Manual,1.1,199687,4,2,19215
Ford,2022,Electric,Automatic,3.6,72897,5,2,47555
Hyundai,2022,Electric,Manual,3.2,161111,4,4,37344
Audi,2023,Petrol,Manual,4.0,155455,2,2,45227
Audi,2005,Diesel,Automatic,3.5,44712,5,4,30764
Audi,2019,Electric,Manual,4.1,84892,5,2,52955
Toyota,2019,Petrol,Manual,1.9,185749,5,4,22512
BMW,2017,Diesel,Manual,1.9,91332,5,3,36733
Hyundai,2012,Electric,Automatic,2.6,99185,4,1,35740
Hyundai,2019,Petrol,Manual,1.1,150782,5,2,25660
BMW,2012,Diesel,Manual,3.1,198188,4,4,27290
BMW,2016,Petrol,Automatic,2.1,84534,4,1,41473
BMW,2016,Petrol,Manual,3.1,181552,2,4,32122
Ford,2019,Petrol,Automatic,1.1,172877,2,4,23556
Audi,2012,Electric,Manual,1.2,180741,4,2,35362
Ford,2020,Petrol,Manual,4.4,31055,4,1,40747
Toyota,2006,Diesel,Manual,2.1,165711,4,3,12414
Ford,2016,Petrol,Automatic,3.3,179581,4,4,24620
Toyota,2022,Electric,Manual,1.0,146368,2,4,33681
Audi,2023,Electric,Manual,4.3,193277,2,2,51936
Toyota,2015,Petrol,Automatic,3.7,107130,4,1,32543
BMW,2022,Electric,Manual,3.7,198924,4,3,47953
Audi,2009,Petrol,Manual,4.2,142597,5,2,32270
BMW,2010,Petrol,Manual,3.9,195200,5,3,28540
Honda,2023,Diesel,Automatic,2.4,199060,4,1,33347
Honda,2017,Electric,Manual,4.0,43016,5,4,39849
Audi,2024,Electric,Manual,3.4,85036,2,1,58048
Ford,2020,Petrol,Automatic,4.5,149742,4,2,35512
Honda,2007,Petrol,Automatic,4.3,190424,5,3,18578
BMW,2016,Diesel,Automatic,4.3,163640,2,3,38918
BMW,2019,Petrol,Automatic,1.2,194151,5,1,37192
Hyundai,2021,Electric,Automatic,2.4,183262,2,3,37136
Toyota,2022,Electric,Manual,4.0,63914,4,2,46804
Toyota,2021,Petrol,Manual,2.0,157790,2,4,26110
Honda,2016,Diesel,Manual,1.6,36941,2,4,26352
Toyota,2014,Petrol,Manual,2.0,131723,2,1,24913
Toyota,2009,Petrol,Automatic,1.5,45681,2,3,22215
Honda,2011,Electric,Automatic,3.1,56175,2,1,37891
Honda,2007,Petrol,Automatic,4.5,91376,2,1,26931
Ford,2014,Diesel,Manual,2.0,70990,4,2,26450
Honda,2007,Electric,Manual,2.4,193520,5,2,22124
Honda,2005,Electric,Automatic,1.3,106527,5,3,22773
Honda,2006,Electric,Manual,1.5,173077,5,1,21846
Ford,2011,Diesel,Manual,2.8,198778,4,1,20161
Ford,2019,Petrol,Manual,2.9,74664,2,1,34566
BMW,2009,Petrol,Manual,3.1,158521,5,4,26273
Audi,2022,Electric,Manual,1.8,134912,2,3,47354
Toyota,2023,Diesel,Manual,3.6,108717,4,2,36764
Honda,2005,Electric,Automatic,1.7,65195,5,1,28640
Honda,2013,Electric,Manual,3.7,131917,2,2,33804
Ford,2024,Petrol,Automatic,2.6,41729,2,2,41113
BMW,2015,Diesel,Manual,3.0,54454,5,4,37277
BMW,2007,Petrol,Automatic,2.8,41480,5,4,31526
Audi,2011,Diesel,Manual,2.6,134210,4,1,32989
Honda,2023,Diesel,Manual,1.2,33478,4,1,37226
Audi,2015,Diesel,Automatic,4.5,17083,5,3,45645
Honda,2005,Diesel,Automatic,1.2,48652,2,4,15967
Audi,2016,Electric,Automatic,1.6,165882,4,4,39905
Ford,2008,Petrol,Manual,2.7,196251,5,3,14087
Ford,2020,Petrol,Automatic,2.9,41320,4,4,34734
Ford,2007,Diesel,Automatic,1.7,41895,4,2,22305
Audi,2015,Diesel,Manual,1.0,161845,4,1,32407
Honda,2022,Petrol,Manual,4.2,27611,2,4,38019
Toyota,2010,Diesel,Automatic,3.1,63472,4,4,24026
Ford,2016,Diesel,Manual,1.6,196747,4,3,19862
Toyota,2024,Electric,Automatic,1.1,49356,4,3,44232
BMW,2012,Electric,Manual,3.6,171519,5,4,37624
Audi,2019,Diesel,Automatic,1.2,129128,4,2,38943
Hyundai,2011,Electric,Automatic,1.9,114017,5,2,31099
Honda,2010,Diesel,Automatic,3.9,67481,4,2,28425
Toyota,2019,Diesel,Manual,2.5,121755,5,1,31412
Toyota,2021,Petrol,Manual,2.2,101653,2,3,30817
Hyundai,2008,Diesel,Automatic,3.8,15178,2,4,25841
Ford,2005,Petrol,Manual,3.1,88461,2,2,18776
BMW,2005,Diesel,Manual,4.3,180697,2,1,28065
Audi,2021,Electric,Automatic,1.9,124742,5,1,52062
Audi,2020,Petrol,Automatic,3.4,177051,5,3,40447
BMW,2017,Electric,Manual,2.4,37807,2,1,51409
Honda,2021,Petrol,Automatic,4.4,156238,4,2,35988
Hyundai,2017,Petrol,Automatic,3.7,55167,2,3,34141
Toyota,2023,Diesel,Manual,1.2,126197,4,1,32590
Toyota,2006,Electric,Manual,1.8,33831,2,2,27908
Honda,2010,Petrol,Automatic,1.1,43898,5,2,24005
Honda,2008,Electric,Automatic,2.8,194436,4,3,24378
Ford,2006,Diesel,Manual,2.5,125076,4,3,15246
Toyota,2023,Petrol,Manual,1.9,97252,2,1,35437
Hyundai,2009,Petrol,Manual,3.8,61949,5,4,22502
Ford,2016,Petrol,Manual,3.8,38788,2,4,30660
BMW,2009,Diesel,Automatic,4.3,126757,2,1,36762
Ford,2019,Petrol,Manual,4.5,121868,4,4,30906
Ford,2005,Electric,Manual,3.8,87812,5,1,29709
Audi,2008,Diesel,Manual,2.0,153450,4,2,26327
BMW,2023,Petrol,Manual,3.6,123467,2,2,46026
BMW,2017,Diesel,Manual,3.9,112516,5,3,39674
Audi,2024,Electric,Automatic,1.8,121851,5,3,52007
Toyota,2013,Diesel,Automatic,1.2,171375,2,3,19331
Honda,2005,Electric,Manual,1.1,151517,5,2,19624
Audi,2019,Diesel,Manual,3.1,145871,5,1,41406
BMW,2008,Electric,Automatic,3.4,59193,4,3,42340
Toyota,2017,Diesel,Automatic,2.7,124528,4,4,27173
Hyundai,2006,Diesel,Manual,2.7,111232,5,4,14838
Ford,2020,Petrol,Automatic,3.5,174983,2,2,32250
Toyota,2018,Electric,Automatic,2.5,151608,4,2,37419
Toyota,2015,Petrol,Automatic,1.9,24390,4,1,33080
BMW,2010,Petrol,Automatic,1.1,85521,4,2,31923
Hyundai,2010,Petrol,Automatic,3.8,135070,4,4,21846
Ford,2007,Diesel,Manual,3.8,67271,5,2,23236
Honda,2021,Diesel,Automatic,1.1,58762,4,3,32761
BMW,2009,Petrol,Manual,1.8,133874,5,4,24906
BMW,2013,Diesel,Automatic,3.0,192159,5,1,34892
Hyundai,2008,Electric,Automatic,4.4,42302,4,3,35184
Hyundai,2018,Electric,Automatic,1.9,134090,4,3,35595
BMW,2012,Petrol,Automatic,3.1,94291,2,2,37485
Audi,2023,Diesel,Manual,3.4,136863,2,2,44956
Toyota,2005,Petrol,Automatic,4.1,159707,5,3,17714
BMW,2019,Diesel,Manual,4.4,82874,4,1,47156
Toyota,2006,Electric,Manual,1.8,87438,5,1,26728
BMW,2009,Diesel,Manual,3.9,143826,5,4,28608
Ford,2009,Electric,Automatic,3.8,141055,4,2,31547
Audi,2006,Petrol,Automatic,2.5,84022,4,1,32298
Toyota,2022,Diesel,Automatic,2.8,62826,5,3,36958
Honda,2014,Electric,Manual,3.6,102238,2,1,37588
Honda,2010,Diesel,Automatic,4.1,155832,4,4,21408
Honda,2021,Petrol,Manual,1.3,35053,4,2,33847
Audi,2010,Petrol,Manual,4.4,48486,4,2,38375
Toyota,2006,Diesel,Automatic,2.9,181680,2,3,15216
Toyota,2013,Electric,Manual,4.1,193426,4,2,31528
BMW,2005,Diesel,Automatic,1.5,118413,5,2,26079
BMW,2021,Petrol,Manual,3.6,40324,2,4,45183
Toyota,2005,Petrol,Automatic,2.0,21182,4,4,18940
Honda,2015,Diesel,Automatic,4.2,93071,2,3,31246
Toyota,2006,Electric,Manual,3.4,140023,4,3,24298
Ford,2011,Petrol,Manual,1.7,166958,5,2,18052
Ford,2023,Petrol,Manual,1.4,45663,4,4,32516
Audi,2008,Petrol,Automatic,1.7,111631,5,3,28318
Ford,2020,Petrol,Automatic,3.4,143661,5,3,32116
Audi,2013,Electric,Manual,4.3,129242,2,3,43637
Audi,2014,Diesel,Manual,1.5,164288,2,2,30785
Ford,2015,Petrol,Manual,2.7,187145,5,3,21542
Audi,2019,Electric,Automatic,1.5,27737,4,1,54113
Ford,2020,Electric,Manual,1.8,156927,2,1,37253
Ford,2013,Petrol,Manual,4.1,17893,2,3,30805
Toyota,2013,Electric,Automatic,3.9,126691,5,1,37965
Hyundai,2014,Diesel,Automatic,1.6,151930,4,1,25103
BMW,2014,Diesel,Manual,3.2,64492,4,2,39175
Hyundai,2005,Petrol,Automatic,3.1,100459,4,4,17177
Audi,2014,Electric,Automatic,2.8,136281,5,3,43285
Toyota,2016,Electric,Manual,1.1,178771,5,3,27761
Audi,2005,Diesel,Manual,2.1,139513,5,3,22724
Honda,2016,Electric,Automatic,2.8,113118,2,4,34944
Hyundai,2014,Petrol,Automatic,1.1,56189,5,1,28890
Hyundai,2015,Electric,Automatic,1.5,135968,2,4,30201
Honda,2015,Diesel,Automatic,1.1,154316,2,3,21984
Toyota,2011,Electric,Manual,2.6,181071,2,1,28646
Honda,2012,Electric,Automatic,3.4,86762,2,1,37961
Hyundai,2009,Electric,Manual,2.1,155266,4,2,25436
Honda,2014,Petrol,Manual,3.0,149718,2,1,26014
Audi,2021,Diesel,Manual,1.5,161755,2,3,36412
Audi,2006,Diesel,Automatic,3.0,113785,5,2,30310
Audi,2015,Petrol,Automatic,4.3,184500,5,4,35375
BMW,2020,Petrol,Manual,1.9,48788,5,1,44860
Audi,2009,Electric,Manual,3.8,154780,2,4,35861
BMW,2021,Petrol,Manual,1.0,21007,5,1,45449
Hyundai,2018,Petrol,Manual,3.7,104435,4,2,32178
Hyundai,2019,Petrol,Manual,2.5,35849,5,4,31207
Hyundai,2024,Electric,Manual,3.9,62794,5,4,45660
Hyundai,2006,Petrol,Manual,1.6,141336,5,3,12633
Hyundai,2008,Petrol,Automatic,3.8,193459,4,3,18427
Hyundai,2014,Electric,Manual,1.7,131143,2,4,27842
Audi,2017,Electric,Automatic,1.4,26862,2,1,51956
Honda,2018,Petrol,Automatic,4.2,31703,4,3,37314
Hyundai,2021,Diesel,Automatic,2.5,145794,5,2,32710
Ford,2011,Diesel,Manual,2.5,158492,5,1,21575
Honda,2009,Diesel,Automatic,1.4,12253,4,1,26687
Hyundai,2023,Electric,Automatic,2.9,131083,5,2,44245
Hyundai,2010,Petrol,Automatic,3.8,102004,4,1,27999
Honda,2005,Petrol,Manual,3.4,127918,5,3,15904
Honda,2019,Petrol,Manual,2.4,143374,2,4,25631
Honda,2023,Diesel,Automatic,3.4,173885,4,3,33605
Honda,2012,Petrol,Automatic,3.8,185282,4,2,24335
Audi,2012,Electric,Manual,3.4,190394,2,4,36280
Ford,2016,Petrol,Automatic,3.3,19064,5,1,37146
Toyota,2012,Diesel,Manual,3.1,58009,5,2,27299
Audi,2022,Diesel,Manual,2.4,138931,4,3,40353
Hyundai,2005,Petrol,Manual,1.4,113512,2,3,12624
Hyundai,2014,Petrol,Automatic,3.4,108709,5,1,30864
Ford,2005,Electric,Automatic,1.3,36901,2,1,29254
Audi,2022,Petrol,Manual,3.5,127706,2,3,43114
Toyota,2021,Electric,Manual,1.2,40638,2,1,42868
BMW,2014,Petrol,Automatic,1.5,171433,2,3,30928
Honda,2016,Electric,Automatic,3.4,25611,5,2,43519
Audi,2006,Diesel,Automatic,4.1,162550,4,3,28572
Toyota,2005,Diesel,Automatic,4.2,182604,5,2,18269
Ford,2013,Petrol,Automatic,1.2,26392,4,1,29580
Ford,2008,Electric,Manual,2.4,64539,5,3,28073
Hyundai,2015,Petrol,Manual,4.1,65993,5,3,30400
Toyota,2008,Electric,Automatic,3.3,85431,4,4,29328
Audi,2021,Electric,Automatic,4.0,104127,2,3,54293
Honda,2015,Electric,Manual,1.9,140554,2,2,31772
Toyota,2019,Petrol,Automatic,1.5,47098,2,4,30645
Honda,2019,Petrol,Automatic,1.1,186833,2,4,22858
Hyundai,2012,Electric,Automatic,1.3,187424,5,1,28728
Audi,2009,Diesel,Automatic,2.5,56630,5,4,32168
Toyota,2018,Petrol,Automatic,4.5,185431,5,2,31728
Hyundai,2022,Electric,Manual,4.0,184856,5,4,37757
Toyota,2009,Electric,Manual,3.1,48155,5,4,29792
Audi,2007,Petrol,Manual,1.1,195739,4,2,21413
Toyota,2006,Diesel,Manual,3.7,85475,5,4,18126
Honda,2016,Electric,Automatic,2.9,124567,4,2,37571
Hyundai,2005,Diesel,Manual,2.9,192589,2,1,14670
BMW,2015,Diesel,Automatic,1.5,42785,4,1,41360
BMW,2012,Petrol,Automatic,1.4,56143,4,1,37492
Audi,2008,Diesel,Automatic,1.6,20704,2,3,32664
Ford,2006,Petrol,Manual,2.4,78944,4,4,15852
Honda,2023,Petrol,Manual,2.5,194314,2,3,28784
Toyota,2009,Diesel,Manual,1.2,57909,5,2,20504
BMW,2013,Electric,Automatic,2.0,57651,2,3,44617
BMW,2005,Diesel,Automatic,3.8,10125,5,4,33093
Ford,2009,Electric,Automatic,1.3,24833,5,4,29358
Ford,2011,Petrol,Manual,3.2,151377,4,4,18831
Audi,2010,Electric,Manual,3.8,111298,5,4,39035
Hyundai,2017,Diesel,Manual,3.8,118783,2,3,29160
BMW,2009,Petrol,Automatic,3.0,101388,4,4,30930
Ford,2007,Electric,Automatic,3.9,151850,5,1,30707
Ford,2006,Petrol,Manual,2.8,157161,5,4,12741
Honda,2021,Petrol,Manual,4.5,154664,4,4,31266
Hyundai,2005,Petrol,Automatic,2.9,39737,2,3,21313
BMW,2009,Diesel,Manual,4.3,51700,2,1,38515
Toyota,2016,Diesel,Manual,4.1,116132,4,2,30393
Ford,2010,Petrol,Automatic,3.3,151975,5,3,21501
BMW,2009,Electric,Automatic,1.6,140270,5,2,37186
Audi,2022,Electric,Manual,4.4,28175,2,3,57891
Honda,2011,Diesel,Automatic,2.6,140579,4,1,24671
Audi,2006,Diesel,Manual,4.2,176934,5,4,24553
Honda,2005,Electric,Automatic,2.5,81408,5,1,29429
Honda,2008,Electric,Manual,2.6,49758,2,4,27712
Ford,2008,Diesel,Automatic,2.8,18390,2,2,26680
Ford,2012,Diesel,Automatic,2.9,32281,4,1,31685
BMW,2016,Electric,Manual,4.3,150437,5,2,47078
Audi,2017,Electric,Automatic,1.8,177828,4,4,40708
Ford,2022,Diesel,Manual,1.9,10520,5,4,34274
Toyota,2022,Diesel,Automatic,1.7,53756,2,4,33712
Audi,2011,Diesel,Automatic,4.1,39684,4,3,39715
Ford,2018,Petrol,Manual,3.7,14421,2,4,33678
BMW,2018,Electric,Automatic,3.7,155697,4,2,49615
Toyota,2019,Petrol,Automatic,4.4,193303,2,3,30634
Ford,2019,Petrol,Manual,1.6,137045,4,4,24347
Ford,2024,Diesel,Manual,3.2,136171,2,2,35591
Ford,2009,Petrol,Automatic,2.3,197843,2,2,17707
BMW,2016,Electric,Manual,4.5,36555,5,1,54672
Hyundai,2013,Petrol,Automatic,3.0,184531,5,4,20773
Ford,2020,Petrol,Automatic,2.9,130325,2,3,31783
Toyota,2011,Electric,Automatic,3.2,103601,5,4,31219
Audi,2019,Petrol,Manual,2.4,19281,4,3,43335
Honda,2007,Petrol,Automatic,3.6,128954,4,1,23252
BMW,2013,Petrol,Automatic,2.6,40635,2,3,38668
Hyundai,2019,Diesel,Automatic,1.4,27311,2,3,32934
Hyundai,2019,Electric,Manual,2.3,189306,4,4,31134
Toyota,2020,Electric,Automatic,3.2,105322,4,1,44633
Ford,2007,Petrol,Automatic,4.2,32516,4,1,29274
Audi,2016,Petrol,Manual,1.4,131507,5,2,34224
Toyota,2023,Diesel,Automatic,1.3,65571,5,3,34821
Honda,2007,Diesel,Manual,4.4,82121,2,1,25193
Audi,2006,Diesel,Automatic,2.4,83458,2,1,32127
Hyundai,2014,Diesel,Manual,3.1,102809,2,3,25559
Hyundai,2014,Electric,Automatic,2.3,195276,5,4,27836
Ford,2016,Electric,Manual,2.2,174969,2,3,30151
Ford,2015,Petrol,Manual,3.4,94000,4,3,27600
Toyota,2012,Diesel,Automatic,4.3,116610,2,1,30269
Ford,2005,Petrol,Automatic,3.0,58845,4,3,20557
Toyota,2008,Petrol,Manual,3.5,43059,5,1,26347
Honda,2014,Electric,Automatic,2.4,154802,5,1,34559
Audi,2012,Diesel,Manual,3.3,129349,5,1,35632
Hyundai,2009,Diesel,Automatic,2.1,149313,4,2,19734
BMW,2018,Electric,Manual,2.9,76660,5,2,49967
Hyundai,2009,Electric,Automatic,4.2,11139,2,2,38843
Toyota,2023,Petrol,Manual,3.5,105279,2,1,38236
Audi,2009,Petrol,Manual,1.6,77801,4,3,28809
Hyundai,2015,Diesel,Automatic,4.0,168581,5,2,28570
BMW,2011,Electric,Manual,2.9,50765,5,4,41261
BMW,2020,Petrol,Manual,2.6,20454,4,3,44677
Audi,2023,Diesel,Automatic,2.4,156842,2,4,40957
Honda,2020,Petrol,Automatic,4.3,70823,5,4,36058
Hyundai,2005,Petrol,Automatic,2.4,183082,2,1,16145
Toyota,2007,Petrol,Automatic,4.1,31387,4,2,27630
Audi,2011,Petrol,Automatic,1.9,63331,2,1,37133
Toyota,2009,Diesel,Manual,3.6,34120,2,3,24994
Ford,2011,Petrol,Automatic,2.4,129791,5,2,23310
Toyota,2019,Electric,Manual,3.6,43075,4,1,45546
Honda,2013,Petrol,Manual,2.6,187880,4,3,19306
Toyota,2016,Petrol,Automatic,4.0,25623,4,4,33718
BMW,2005,Diesel,Automatic,1.4,61068,4,4,25746
Hyundai,2019,Electric,Automatic,4.3,26311,2,2,48284
Toyota,2021,Diesel,Manual,1.9,177822,5,1,29408
Toyota,2016,Petrol,Automatic,1.9,20672,2,2,32766
Ford,2008,Electric,Manual,1.7,116866,4,1,27056
Hyundai,2008,Diesel,Automatic,3.8,130568,5,3,21571
BMW,2014,Petrol,Manual,1.9,185069,4,3,29046
Ford,2023,Diesel,Manual,3.1,16102,5,2,40394
Audi,2005,Electric,Automatic,2.9,85443,4,3,37027
Honda,2018,Diesel,Automatic,1.2,85701,4,4,27114
Hyundai,2017,Diesel,Automatic,3.3,163632,5,3,27918
Ford,2023,Diesel,Manual,2.4,115420,4,1,35529
Ford,2018,Electric,Manual,1.4,92106,5,1,37694
Audi,2013,Petrol,Automatic,2.3,18750,5,2,40662
Audi,2011,Diesel,Manual,2.1,31874,5,4,32606
Audi,2011,Diesel,Manual,2.4,41378,5,2,35731
Honda,2013,Electric,Automatic,1.3,173725,5,4,25913
Honda,2016,Petrol,Manual,2.1,148862,4,4,21756
Audi,2017,Petrol,Manual,2.6,53921,4,1,43003
Hyundai,2008,Electric,Automatic,1.4,165798,4,3,23010
Hyundai,2020,Electric,Manual,2.7,17470,4,3,43026
Hyundai,2020,Electric,Manual,3.9,187139,2,4,35443
Ford,2011,Petrol,Automatic,1.9,43835,4,1,28108
BMW,2015,Diesel,Manual,3.7,19571,5,2,43421
Toyota,2012,Diesel,Manual,1.5,150145,4,1,20992
BMW,2024,Petrol,Automatic,4.0,28576,5,3,53071
Honda,2012,Diesel,Manual,1.1,132266,5,2,19586
Audi,2016,Diesel,Manual,4.2,76689,2,4,39565
Toyota,2022,Electric,Automatic,1.8,145247,4,2,40337
Audi,2011,Diesel,Automatic,3.5,173167,2,2,33341
BMW,2015,Petrol,Manual,1.3,40318,4,1,39084
Honda,2023,Electric,Automatic,3.0,66994,2,1,49150
Toyota,2010,Diesel,Automatic,3.5,165737,4,3,21213
Audi,2016,Petrol,Automatic,2.8,60738,5,1,44063
Audi,2008,Diesel,Manual,2.5,186975,4,2,25651
Toyota,2010,Petrol,Automatic,3.8,32809,5,2,29959
Ford,2019,Electric,Automatic,3.9,113629,2,3,41618
Hyundai,2019,Petrol,Manual,1.1,18518,2,1,33774
BMW,2023,Petrol,Automatic,4.0,10857,4,1,55957
Honda,2018,Diesel,Manual,4.0,36051,5,3,34697
Honda,2012,Diesel,Manual,3.3,34478,5,1,30376
Toyota,2013,Electric,Manual,3.3,114502,5,4,30874
Audi,2015,Petrol,Automatic,1.9,145897,5,2,35505
Hyundai,2024,Electric,Automatic,3.7,92713,4,2,48764
Toyota,2016,Petrol,Manual,2.0,188883,4,4,19555
Hyundai,2010,Diesel,Manual,2.2,188852,2,1,18457
Toyota,2023,Diesel,Automatic,2.8,194052,4,2,32897
Audi,2014,Electric,Manual,2.9,143432,5,4,39628
BMW,2024,Diesel,Automatic,2.1,26512,4,4,47874
Honda,2023,Petrol,Automatic,2.5,128951,2,3,34052
Hyundai,2019,Electric,Manual,4.4,65306,4,4,41534
Ford,2006,Petrol,Manual,3.9,87885,4,2,21405
Honda,2015,Diesel,Automatic,1.1,125218,4,4,21939
Audi,2017,Diesel,Manual,1.4,57711,2,2,38914
Audi,2024,Electric,Automatic,3.1,96797,4,2,57360
Toyota,2013,Petrol,Manual,1.2,125514,5,2,21124
Toyota,2024,Electric,Automatic,3.0,174388,4,1,44780
Hyundai,2008,Petrol,Automatic,2.0,97191,5,3,19640
Ford,2016,Electric,Automatic,1.2,80801,2,3,34859
Ford,2020,Diesel,Manual,2.4,21818,4,2,35709
Toyota,2008,Diesel,Manual,3.9,133905,2,1,22604
Audi,2019,Diesel,Automatic,3.9,155630,5,1,44518
Toyota,2007,Electric,Automatic,2.0,143286,4,4,22835
BMW,2014,Petrol,Automatic,2.9,31274,4,2,42236
Toyota,2018,Diesel,Automatic,3.4,85776,4,3,33011
Audi,2017,Electric,Automatic,2.4,164265,2,2,45586
Toyota,2007,Diesel,Manual,3.5,192372,4,1,17881
Honda,2010,Petrol,Automatic,1.9,113023,5,4,19148
Hyundai,2016,Diesel,Manual,2.3,166023,2,3,22798
Honda,2021,Electric,Automatic,2.0,101162,2,4,38941
BMW,2023,Electric,Automatic,3.3,23712,4,1,61914
Audi,2017,Petrol,Manual,2.2,89714,4,1,40414
Hyundai,2023,Petrol,Manual,3.1,104924,2,3,34453
Hyundai,2023,Diesel,Automatic,3.2,160600,4,3,33870
BMW,2012,Electric,Manual,3.7,19625,5,3,46918
Audi,2011,Petrol,Manual,2.2,135637,5,2,30618
Ford,2024,Diesel,Manual,3.2,148328,2,4,31983
Audi,2017,Petrol,Manual,4.1,126958,2,3,39352
Honda,2011,Diesel,Manual,3.4,46278,5,4,24486
BMW,2021,Diesel,Manual,1.6,158482,5,4,35275
Audi,2007,Electric,Automatic,3.6,80897,4,4,39155
Ford,2012,Diesel,Automatic,2.3,50568,5,1,29571
Hyundai,2023,Electric,Manual,1.3,74240,2,1,43388
BMW,2013,Electric,Manual,4.4,164080,4,3,42096
Ford,2019,Diesel,Automatic,4.5,120730,4,2,35963
Audi,2019,Diesel,Manual,1.2,92937,5,2,38753
Hyundai,2021,Electric,Manual,4.0,129568,5,4,39521
BMW,2018,Petrol,Manual,4.0,77523,4,4,41123
BMW,2023,Petrol,Automatic,1.4,18415,2,1,50379
Ford,2017,Petrol,Automatic,3.3,147194,2,4,27240
Hyundai,2008,Diesel,Manual,2.1,13861,5,3,22006
Honda,2010,Petrol,Manual,1.5,60283,4,4,18985
Toyota,2018,Petrol,Automatic,1.7,117294,5,3,28035
Ford,2014,Petrol,Automatic,3.8,188246,2,4,23187
Ford,2021,Electric,Automatic,3.8,138972,5,4,40651
Honda,2008,Electric,Automatic,1.4,124139,5,4,23593
Ford,2012,Electric,Automatic,2.2,25924,4,1,38603
Toyota,2005,Electric,Automatic,1.1,111773,4,3,22111
Hyundai,2009,Diesel,Automatic,1.8,177168,4,2,17741
Hyundai,2011,Petrol,Manual,2.6,138628,2,2,21268
Toyota,2020,Petrol,Manual,1.6,160145,5,4,24192
Hyundai,2018,Diesel,Automatic,1.5,143227,2,4,24838
Honda,2010,Electric,Manual,4.0,97639,2,3,31618
Honda,2011,Petrol,Automatic,2.8,177738,2,2,21713
Ford,2011,Electric,Automatic,2.5,196239,2,3,26688
Hyundai,2011,Electric,Manual,2.5,63429,4,2,32828
Hyundai,2022,Petrol,Manual,3.6,145576,2,4,30921
Honda,2015,Diesel,Manual,2.9,98823,5,3,26358
Toyota,2019,Petrol,Automatic,4.0,176556,5,4,29172
Hyundai,2006,Diesel,Manual,3.5,144498,4,4,14775
Toyota,2020,Diesel,Automatic,1.7,167367,4,4,26031
Ford,2015,Petrol,Automatic,1.3,46236,4,1,30788
Toyota,2007,Diesel,Manual,2.2,159390,2,1,16930
Honda,2012,Diesel,Manual,2.9,55696,2,3,25515
BMW,2010,Electric,Automatic,2.5,18899,5,3,44555
Honda,2023,Petrol,Manual,2.0,44033,5,3,35298
Hyundai,2022,Petrol,Automatic,4.3,117885,4,2,38705
BMW,2018,Petrol,Automatic,1.9,65349,4,2,42532
Ford,2018,Petrol,Manual,2.5,55019,4,4,29249
Hyundai,2018,Petrol,Automatic,1.2,97377,5,4,26531
Toyota,2020,Petrol,Automatic,1.0,82152,2,1,33392
Honda,2016,Diesel,Automatic,4.4,14946,4,3,36552
BMW,2010,Petrol,Automatic,3.2,115482,4,4,31625
BMW,2020,Electric,Manual,4.2,158523,2,4,47473
BMW,2024,Diesel,Manual,3.3,131959,2,4,43002
Hyundai,2024,Petrol,Manual,2.4,56964,2,4,34951
BMW,2017,Electric,Manual,1.9,67226,2,1,48938
Honda,2007,Diesel,Manual,3.5,149857,5,3,17007
Ford,2017,Petrol,Manual,3.9,32327,5,3,33683
BMW,2014,Petrol,Automatic,3.9,93345,2,3,39632
Audi,2019,Electric,Manual,1.1,75996,5,4,44400
Ford,2020,Electric,Manual,2.9,42034,2,1,45198
Hyundai,2009,Petrol,Manual,1.7,101924,4,4,16303
Ford,2019,Diesel,Automatic,2.6,104973,2,1,34451
Hyundai,2019,Diesel,Automatic,3.6,183049,2,3,29547
BMW,2022,Diesel,Automatic,1.8,143048,4,3,40947
Ford,2021,Diesel,Automatic,2.0,37524,4,2,37123
Honda,2016,Diesel,Manual,3.5,38719,5,2,33064
Toyota,2009,Diesel,Manual,4.3,107868,4,2,24206
Hyundai,2010,Electric,Automatic,1.2,65745,2,3,29612
Ford,2011,Electric,Manual,4.2,56893,2,2,36555
Toyota,2016,Electric,Automatic,1.9,151143,5,2,34242
Toyota,2011,Electric,Automatic,3.0,194513,2,1,30774
Ford,2007,Electric,Automatic,2.1,172826,2,4,21558
Ford,2017,Petrol,Manual,2.1,187425,5,2,23828
Hyundai,2016,Electric,Manual,4.4,32506,2,3,41674
Honda,2007,Electric,Manual,4.3,168182,4,4,24190
Ford,2006,Electric,Automatic,2.1,45921,5,3,28403
Toyota,2014,Electric,Manual,4.0,89546,5,3,36022
Audi,2017,Diesel,Automatic,2.3,131169,2,4,36041
Ford,2015,Diesel,Manual,1.6,143568,5,2,23021
Toyota,2007,Diesel,Automatic,4.2,153048,5,4,18747
Hyundai,2012,Petrol,Manual,2.3,19262,2,1,29136
Ford,2017,Diesel,Automatic,1.3,34047,4,1,33397
Honda,2021,Electric,Manual,2.4,93739,4,4,38113
BMW,2007,Petrol,Automatic,2.9,132437,5,3,28678
Honda,2023,Petrol,Manual,4.0,24325,4,1,43283
Ford,2024,Electric,Automatic,3.3,190815,2,3,41559
Toyota,2006,Petrol,Automatic,4.3,93870,2,1,25406
Ford,2018,Diesel,Automatic,1.8,132215,2,1,30489
Ford,2022,Electric,Automatic,4.2,93493,2,4,44725
Honda,2024,Diesel,Manual,1.7,72318,2,1,37284
Honda,2015,Electric,Automatic,2.2,90178,4,4,33891
Audi,2016,Diesel,Manual,1.2,193998,2,2,30700
BMW,2014,Petrol,Manual,3.6,135454,2,2,36427
Ford,2020,Diesel,Automatic,3.9,12359,4,2,41182
Honda,2024,Diesel,Automatic,2.0,28240,4,4,37588
Hyundai,2006,Petrol,Manual,1.2,136811,2,3,12059
Ford,2005,Electric,Manual,1.8,175710,4,3,18314
Hyundai,2011,Petrol,Manual,2.0,165089,5,4,15745
Toyota,2016,Electric,Manual,2.2,180805,4,3,29859
BMW,2015,Diesel,Manual,3.9,179514,5,3,34324
Hyundai,2017,Diesel,Automatic,1.3,184662,5,2,24366
BMW,2024,Diesel,Manual,3.1,46584,2,3,48370
Hyundai,2006,Petrol,Automatic,1.6,19589,5,4,19220
Hyundai,2010,Diesel,Automatic,4.1,170217,2,3,22189
Ford,2013,Petrol,Manual,1.3,44029,5,4,22398
Toyota,2019,Petrol,Manual,4.4,174556,4,4,28072
Toyota,2005,Electric,Manual,2.3,31092,4,2,28045
Audi,2022,Electric,Automatic,2.2,131788,5,1,53310
BMW,2021,Petrol,Automatic,2.4,189441,5,1,41827
BMW,2017,Diesel,Manual,1.2,106183,2,2,36090
Honda,2012,Diesel,Automatic,4.1,126575,5,2,27871
Ford,2009,Petrol,Automatic,1.7,189975,2,1,18401
